{
    "49206013874": [
        29.572810411453247
    ],
    "2": [
        63.95460224151611
    ]
}