{
    "caua": [
        20.539835453033447
    ],
    "333": [
        13.077687501907349
    ]
}